{
  "trends": [
    {
      "name": "AAPL",
      "category": "Business",
      "source": "Fallback",
      "traffic": "+2.5%",
      "articleUrl": "https://www.google.com/finance/quote/AAPL:NASDAQ"
    },
    {
      "name": "GOOGL",
      "category": "Business",
      "source": "Fallback",
      "traffic": "-1.2%",
      "articleUrl": "https://www.google.com/finance/quote/GOOGL:NASDAQ"
    },
    {
      "name": "MSFT",
      "category": "Business",
      "source": "Fallback",
      "traffic": "+1.8%",
      "articleUrl": "https://www.google.com/finance/quote/MSFT:NASDAQ"
    },
    {
      "name": "AMZN",
      "category": "Business",
      "source": "Fallback",
      "traffic": "+0.7%",
      "articleUrl": "https://www.google.com/finance/quote/AMZN:NASDAQ"
    },
    {
      "name": "FB",
      "category": "Business",
      "source": "Fallback",
      "traffic": "-0.5%",
      "articleUrl": "https://www.google.com/finance/quote/FB:NASDAQ"
    }
  ]
}

